{
  "project_info": {
    "project_number": "615734455614",
    "firebase_url": "https://break-project-2020.firebaseio.com",
    "project_id": "break-project-2020",
    "storage_bucket": "break-project-2020.appspot.com"
  },
  "client": [
    {
      "client_info": {
        "mobilesdk_app_id": "1:615734455614:android:5a7b753cdbb5b11109906f",
        "android_client_info": {
          "package_name": "com.example.breaktrial"
        }
      },
      "oauth_client": [
        {
          "client_id": "615734455614-jc2ef60h0f7tvhhpfhf9v1lk9imfsmjo.apps.googleusercontent.com",
          "client_type": 3
        }
      ],
      "api_key": [
        {
          "current_key": "AIzaSyDwksFLx9ClS6UbcEA1E2I8gpHkzW4vdoc"
        }
      ],
      "services": {
        "appinvite_service": {
          "other_platform_oauth_client": [
            {
              "client_id": "615734455614-jc2ef60h0f7tvhhpfhf9v1lk9imfsmjo.apps.googleusercontent.com",
              "client_type": 3
            }
          ]
        }
      }
    }
  ],
  "configuration_version": "1"
}